{
	"format_version": "1.16.0",
	"minecraft:geometry": [
		{
			"description": {
				"identifier": "geometry.unknown",
				"texture_width": 256,
				"texture_height": 256,
				"visible_bounds_width": 3,
				"visible_bounds_height": 4.5,
				"visible_bounds_offset": [0, 1.75, 0]
			},
			"bones": [
				{
					"name": "Arm",
					"pivot": [-0.2, 31.275, 0]
				},
				{
					"name": "RightArm",
					"parent": "Arm",
					"pivot": [-0.9001, 31.04682, 0],
					"rotation": [0, 0, -0.5]
				},
				{
					"name": "right11",
					"parent": "RightArm",
					"pivot": [2.4999, -2.97818, 0],
					"cubes": [
						{"origin": [-3.1501, 25.09682, -1.5], "size": [3.05, 7, 3], "uv": [154, 29]},
						{"origin": [-3.2001, 24.92182, -1.7], "size": [3.25, 7.3, 3.4], "uv": [154, 40]},
						{"origin": [-2.9501, 24.19682, -1.1], "size": [2.55, 2, 2.2], "uv": [186, 54]},
						{"origin": [-3.0001, 24.14682, -1.125], "size": [2.7, 2.05, 2.3], "uv": [186, 59]}
					]
				},
				{
					"name": "right22",
					"parent": "RightArm",
					"pivot": [2.4999, -2.97818, 0],
					"cubes": [
						{"origin": [-3.0001, 24.14682, -1.125], "size": [2.7, 2.05, 2.3], "uv": [210, 44]},
						{"origin": [-2.9501, 24.19682, -1.1], "size": [2.55, 2, 2.2], "uv": [208, 36]},
						{"origin": [-3.2001, 24.92182, -1.7], "size": [3.25, 7.3, 3.4], "uv": [124, 143]},
						{"origin": [-3.1501, 25.09682, -1.5], "size": [3.05, 7, 3], "uv": [216, 103]}
					]
				},
				{
					"name": "RightForeArm",
					"parent": "RightArm",
					"pivot": [-1.6251, 25.09682, 0.025]
				},
				{
					"name": "right1",
					"parent": "RightForeArm",
					"pivot": [2.4999, -2.97818, 0],
					"cubes": [
						{"origin": [-3.2251, 20.39682, -1.575], "size": [3.2, 5, 3.2], "uv": [28, 160]},
						{"origin": [-3.1251, 18.09682, -1.475], "size": [3, 7, 3], "uv": [154, 51]}
					]
				},
				{
					"name": "right2",
					"parent": "RightForeArm",
					"pivot": [2.4999, -2.97818, 0],
					"cubes": [
						{"origin": [-3.1251, 18.09682, -1.475], "size": [3, 7, 3], "uv": [154, 51]},
						{"origin": [-3.2251, 20.39682, -1.575], "size": [3.2, 5, 3.2], "uv": [43, 140]},
						{"origin": [-4.9001, 20.12182, 0], "size": [3.2, 1, 0], "pivot": [-3.3001, 20.62182, 0], "rotation": [0, -90, 0], "uv": [94, 9]},
						{"origin": [-3.3001, 20.12182, 1.7], "size": [3.3, 1, -0.101], "uv": [94, 9]},
						{"origin": [-3.2001, 20.12182, -0.4], "size": [3.2, 1, 0], "pivot": [-1.0001, 20.12182, 0.6], "rotation": [0, -90, 0], "uv": [94, 9]},
						{"origin": [-3.3001, 20.12182, -1.6], "size": [3.3, 1, 0], "uv": [94, 9]}
					]
				},
				{
					"name": "RightHand",
					"parent": "RightForeArm",
					"pivot": [-1.6251, 19.59682, 0.025]
				},
				{
					"name": "RightHandLocator",
					"parent": "RightHand",
					"pivot": [-1.6251, 19.59682, 0.025]
				},
				{
					"name": "BladeLocator",
					"parent": "RightHand",
					"pivot": [-1.6251, 19.59682, 0.025]
				},
				{
					"name": "LeftArm",
					"parent": "Arm",
					"pivot": [0.9001, 31.00318, 0],
					"rotation": [0, 0, -0.5]
				},
				{
					"name": "left1",
					"parent": "LeftArm",
					"pivot": [-2.4999, -3.02182, 0],
					"cubes": [
						{"origin": [-0.0499, 24.87818, -1.7], "size": [3.25, 7.3, 3.4], "uv": [108, 150]},
						{"origin": [0.1001, 25.05318, -1.5], "size": [3.05, 7, 3], "uv": [154, 7]},
						{"origin": [0.4001, 24.15318, -1.1], "size": [2.55, 2, 2.2], "uv": [185, 168]},
						{"origin": [0.3001, 24.10318, -1.125], "size": [2.7, 2.05, 2.3], "uv": [185, 173]}
					]
				},
				{
					"name": "left2",
					"parent": "LeftArm",
					"pivot": [-2.4999, -3.02182, 0],
					"cubes": [
						{"origin": [0.3001, 24.10318, -1.125], "size": [2.7, 2.05, 2.3], "uv": [169, 167]},
						{"origin": [0.4001, 24.15318, -1.1], "size": [2.55, 2, 2.2], "uv": [185, 168]},
						{"origin": [0.1001, 25.05318, -1.5], "size": [3.05, 7, 3], "uv": [130, 3]},
						{"origin": [-0.0499, 24.87818, -1.7], "size": [3.25, 7.3, 3.4], "uv": [124, 142]}
					]
				},
				{
					"name": "LeftForeArm",
					"parent": "LeftArm",
					"pivot": [1.6251, 25.05318, 0.025]
				},
				{
					"name": "leftarm1",
					"parent": "LeftForeArm",
					"pivot": [-2.4999, -3.02182, 0],
					"cubes": [
						{"origin": [0.1251, 18.05318, -1.475], "size": [3, 7, 3], "uv": [154, 18]},
						{"origin": [0.0251, 20.35318, -1.575], "size": [3.2, 5, 3.2], "uv": [15, 160]}
					]
				},
				{
					"name": "leftarm2",
					"parent": "LeftForeArm",
					"pivot": [-2.4999, -3.02182, 0],
					"cubes": [
						{"origin": [0.0251, 20.35318, -1.575], "size": [3.2, 5, 3.2], "uv": [43, 140]},
						{"origin": [0.1251, 18.05318, -1.475], "size": [3, 7, 3], "uv": [154, 18]},
						{"origin": [0.0001, 20.07818, -1.6], "size": [3.3, 1, 0], "uv": [94, 9]},
						{"origin": [0.1001, 20.07818, -0.4], "size": [3.2, 1, 0], "pivot": [2.3001, 20.07818, 0.6], "rotation": [0, -90, 0], "uv": [94, 9]},
						{"origin": [0.0001, 20.07818, 1.7], "size": [3.3, 1, -0.101], "uv": [94, 9]},
						{"origin": [-1.5999, 20.07818, 0], "size": [3.2, 1, 0], "pivot": [0.0001, 20.57818, 0], "rotation": [0, -90, 0], "uv": [94, 9]}
					]
				},
				{
					"name": "LeftHand",
					"parent": "LeftForeArm",
					"pivot": [1.6251, 19.55318, 0.025]
				},
				{
					"name": "LeftHandLocator",
					"parent": "LeftHand",
					"pivot": [1.6251, 19.55318, 0.025]
				},
				{
					"name": "SheathLocator",
					"parent": "LeftHand",
					"pivot": [1.6251, 19.55318, 0.025]
				},
				{
					"name": "LeftWaistLocator2",
					"parent": "LeftHand",
					"pivot": [1.6251, 19.55318, 0.025]
				}
			]
		}
	]
}