{
	"format_version": "1.12.0",
	"minecraft:geometry": [
		{
			"description": {
				"identifier": "geometry.unknown",
				"texture_width": 128,
				"texture_height": 128,
				"visible_bounds_width": 4,
				"visible_bounds_height": 2.5,
				"visible_bounds_offset": [0, 0.75, 0]
			},
			"bones": [
				{
					"name": "Boat",
					"pivot": [0, 0, 0],
					"cubes": [
						{
							"origin": [-8, 0, -14],
							"size": [16, 2, 30],
							"uv": {
								"north": {
									"uv": [58, 42],
									"uv_size": [16, 2]
								},
								"east": {
									"uv": [58, 28],
									"uv_size": [30, 2]
								},
								"south": {
									"uv": [58, 45],
									"uv_size": [16, 2]
								},
								"west": {
									"uv": [58, 31],
									"uv_size": [30, 2]
								},
								"up": {
									"uv": [0, 0],
									"uv_size": [16, 30]
								},
								"down": {
									"uv": [17, 30],
									"uv_size": [16, -30]
								}
							}
						},
						{
							"origin": [-10.87006, 0, -15.55635],
							"size": [11.31371, 2, 11.31371],
							"inflate": -0.005,
							"pivot": [-7.55635, 0, -18.24264],
							"rotation": [0, 45, 0],
							"uv": {
								"north": {
									"uv": [13, 66],
									"uv_size": [11, 2]
								},
								"east": {
									"uv": [68, 65],
									"uv_size": [11, 2]
								},
								"south": {
									"uv": [68, 68],
									"uv_size": [11, 2]
								},
								"west": {
									"uv": [0, 69],
									"uv_size": [11, 2]
								},
								"up": {
									"uv": [34, 28],
									"uv_size": [11, 11]
								},
								"down": {
									"uv": [34, 51],
									"uv_size": [11, -11]
								}
							}
						},
						{
							"origin": [8.05668, 6, -14.71317],
							"size": [2, 2, 30.825],
							"inflate": 0.105,
							"uv": {
								"north": {
									"uv": [85, 0],
									"uv_size": [2, 2]
								},
								"east": {
									"uv": [0, 51],
									"uv_size": [31, 2]
								},
								"south": {
									"uv": [25, 85],
									"uv_size": [2, 2]
								},
								"west": {
									"uv": [0, 54],
									"uv_size": [31, 2]
								},
								"up": {
									"uv": [32, 52],
									"uv_size": [2, 31]
								},
								"down": {
									"uv": [35, 83],
									"uv_size": [2, -31]
								}
							}
						},
						{
							"origin": [0.44365, 6, -15.55635],
							"size": [2, 2, 12.16371],
							"inflate": 0.1,
							"pivot": [-7.55635, 0, -18.24264],
							"rotation": [0, 45, 0],
							"uv": {
								"north": {
									"uv": [56, 85],
									"uv_size": [2, 2]
								},
								"east": {
									"uv": [65, 12],
									"uv_size": [12, 2]
								},
								"south": {
									"uv": [59, 85],
									"uv_size": [2, 2]
								},
								"west": {
									"uv": [65, 15],
									"uv_size": [12, 2]
								},
								"up": {
									"uv": [56, 65],
									"uv_size": [2, 12]
								},
								"down": {
									"uv": [59, 77],
									"uv_size": [2, -12]
								}
							}
						},
						{
							"origin": [-2.44365, 6, -15.55635],
							"size": [2, 2, 12.16371],
							"inflate": 0.1,
							"pivot": [7.55635, 0, -18.24264],
							"rotation": [0, -45, 0],
							"uv": {
								"north": {
									"uv": [85, 59],
									"uv_size": [2, 2]
								},
								"east": {
									"uv": [65, 18],
									"uv_size": [12, 2]
								},
								"south": {
									"uv": [62, 85],
									"uv_size": [2, 2]
								},
								"west": {
									"uv": [65, 21],
									"uv_size": [12, 2]
								},
								"up": {
									"uv": [62, 65],
									"uv_size": [2, 12]
								},
								"down": {
									"uv": [65, 77],
									"uv_size": [2, -12]
								}
							}
						},
						{
							"origin": [-10.05668, 6, -14.71317],
							"size": [2, 2, 30.825],
							"inflate": 0.105,
							"uv": {
								"north": {
									"uv": [85, 62],
									"uv_size": [2, 2]
								},
								"east": {
									"uv": [38, 56],
									"uv_size": [31, 2]
								},
								"south": {
									"uv": [65, 85],
									"uv_size": [2, 2]
								},
								"west": {
									"uv": [0, 57],
									"uv_size": [31, 2]
								},
								"up": {
									"uv": [38, 59],
									"uv_size": [2, 31]
								},
								"down": {
									"uv": [41, 90],
									"uv_size": [2, -31]
								}
							}
						},
						{
							"origin": [0.44365, 6, -17.55635],
							"size": [2, 2, 2],
							"inflate": 0.11,
							"pivot": [-7.55635, 0, -18.24264],
							"rotation": [0, 45, 0],
							"uv": {
								"north": {
									"uv": [85, 65],
									"uv_size": [2, 2]
								},
								"east": {
									"uv": [85, 68],
									"uv_size": [2, 2]
								},
								"south": {
									"uv": [81, 85],
									"uv_size": [2, 2]
								},
								"west": {
									"uv": [0, 86],
									"uv_size": [2, 2]
								},
								"up": {
									"uv": [86, 3],
									"uv_size": [2, 2]
								},
								"down": {
									"uv": [86, 8],
									"uv_size": [2, -2]
								}
							}
						},
						{
							"origin": [5.78002, 0.83941, -13.825],
							"size": [2, 6, 29.825],
							"pivot": [6.78002, 0.83941, -13],
							"rotation": [0, 0, 22.5],
							"uv": {
								"north": {
									"uv": [18, 69],
									"uv_size": [2, 6]
								},
								"east": {
									"uv": [34, 0],
									"uv_size": [30, 6]
								},
								"south": {
									"uv": [21, 69],
									"uv_size": [2, 6]
								},
								"west": {
									"uv": [34, 7],
									"uv_size": [30, 6]
								},
								"up": {
									"uv": [44, 59],
									"uv_size": [2, 30]
								},
								"down": {
									"uv": [47, 89],
									"uv_size": [2, -30]
								}
							}
						},
						{
							"origin": [3.79085, 0.4588, -24.27167],
							"size": [2, 6, 11.16371],
							"pivot": [4.79085, 5.4588, -18.18981],
							"rotation": [20.94102, 40.78947, 30.36119],
							"uv": {
								"north": {
									"uv": [9, 72],
									"uv_size": [2, 6]
								},
								"east": {
									"uv": [46, 28],
									"uv_size": [11, 6]
								},
								"south": {
									"uv": [68, 74],
									"uv_size": [2, 6]
								},
								"west": {
									"uv": [46, 35],
									"uv_size": [11, 6]
								},
								"up": {
									"uv": [25, 66],
									"uv_size": [2, 11]
								},
								"down": {
									"uv": [28, 77],
									"uv_size": [2, -11]
								}
							}
						},
						{
							"origin": [6.93804, 0.63511, -14.35221],
							"size": [2, 6, 1.825],
							"inflate": 0.005,
							"pivot": [7.93804, 3.63511, -13.93971],
							"rotation": [9, 0, 22.5],
							"uv": {
								"north": {
									"uv": [71, 74],
									"uv_size": [2, 6]
								},
								"east": {
									"uv": [74, 74],
									"uv_size": [2, 6]
								},
								"south": {
									"uv": [0, 75],
									"uv_size": [2, 6]
								},
								"west": {
									"uv": [3, 75],
									"uv_size": [2, 6]
								},
								"up": {
									"uv": [9, 86],
									"uv_size": [2, 2]
								},
								"down": {
									"uv": [17, 88],
									"uv_size": [2, -2]
								}
							}
						},
						{
							"origin": [6.83689, 0.64918, -14.58373],
							"size": [2, 6, 1],
							"inflate": 0.005,
							"pivot": [7.83689, 3.64918, -14.08373],
							"rotation": [11.94102, 40.78947, 30.36119],
							"uv": {
								"north": {
									"uv": [6, 75],
									"uv_size": [2, 6]
								},
								"east": {
									"uv": [77, 81],
									"uv_size": [1, 6]
								},
								"south": {
									"uv": [75, 39],
									"uv_size": [2, 6]
								},
								"west": {
									"uv": [79, 81],
									"uv_size": [1, 6]
								},
								"up": {
									"uv": [58, 54],
									"uv_size": [2, 1]
								},
								"down": {
									"uv": [61, 55],
									"uv_size": [2, -1]
								}
							}
						},
						{
							"origin": [-1, 6.4039, -25.73951],
							"size": [2, 2, 2],
							"uv": {
								"north": {
									"uv": [86, 34],
									"uv_size": [2, 2]
								},
								"east": {
									"uv": [86, 51],
									"uv_size": [2, 2]
								},
								"south": {
									"uv": [86, 54],
									"uv_size": [2, 2]
								},
								"west": {
									"uv": [68, 86],
									"uv_size": [2, 2]
								},
								"up": {
									"uv": [71, 86],
									"uv_size": [2, 2]
								},
								"down": {
									"uv": [86, 73],
									"uv_size": [2, -2]
								}
							}
						},
						{
							"origin": [3.79085, 3.4588, -25.27167],
							"size": [2, 3, 1],
							"pivot": [4.79085, 5.4588, -18.18981],
							"rotation": [20.94102, 40.78947, 30.36119],
							"uv": {
								"north": {
									"uv": [79, 53],
									"uv_size": [2, 3]
								},
								"east": {
									"uv": [88, 57],
									"uv_size": [1, 3]
								},
								"south": {
									"uv": [81, 81],
									"uv_size": [2, 3]
								},
								"west": {
									"uv": [59, 88],
									"uv_size": [1, 3]
								},
								"up": {
									"uv": [64, 54],
									"uv_size": [2, 1]
								},
								"down": {
									"uv": [67, 55],
									"uv_size": [2, -1]
								}
							}
						},
						{
							"origin": [-5.79085, 3.4588, -25.27167],
							"size": [2, 3, 1],
							"pivot": [-4.79085, 5.4588, -18.18981],
							"rotation": [20.94102, -40.78947, -30.36119],
							"uv": {
								"north": {
									"uv": [0, 82],
									"uv_size": [2, 3]
								},
								"east": {
									"uv": [61, 88],
									"uv_size": [1, 3]
								},
								"south": {
									"uv": [82, 0],
									"uv_size": [2, 3]
								},
								"west": {
									"uv": [88, 61],
									"uv_size": [1, 3]
								},
								"up": {
									"uv": [78, 26],
									"uv_size": [2, 1]
								},
								"down": {
									"uv": [87, 27],
									"uv_size": [2, -1]
								}
							}
						},
						{
							"origin": [-5.79085, 0.4588, -24.27167],
							"size": [2, 6, 11.16371],
							"pivot": [-4.79085, 5.4588, -18.18981],
							"rotation": [20.94102, -40.78947, -30.36119],
							"uv": {
								"north": {
									"uv": [75, 46],
									"uv_size": [2, 6]
								},
								"east": {
									"uv": [46, 42],
									"uv_size": [11, 6]
								},
								"south": {
									"uv": [18, 76],
									"uv_size": [2, 6]
								},
								"west": {
									"uv": [46, 49],
									"uv_size": [11, 6]
								},
								"up": {
									"uv": [12, 69],
									"uv_size": [2, 11]
								},
								"down": {
									"uv": [15, 80],
									"uv_size": [2, -11]
								}
							}
						},
						{
							"origin": [-8.83689, 0.64918, -14.58373],
							"size": [2, 6, 1],
							"inflate": 0.005,
							"pivot": [-7.83689, 3.64918, -14.08373],
							"rotation": [11.94102, -40.78947, -30.36119],
							"uv": {
								"north": {
									"uv": [21, 76],
									"uv_size": [2, 6]
								},
								"east": {
									"uv": [3, 82],
									"uv_size": [1, 6]
								},
								"south": {
									"uv": [77, 71],
									"uv_size": [2, 6]
								},
								"west": {
									"uv": [82, 4],
									"uv_size": [1, 6]
								},
								"up": {
									"uv": [88, 69],
									"uv_size": [2, 1]
								},
								"down": {
									"uv": [88, 82],
									"uv_size": [2, -1]
								}
							}
						},
						{
							"origin": [-8.93804, 0.63511, -14.35221],
							"size": [2, 6, 1.825],
							"inflate": 0.005,
							"pivot": [-7.93804, 3.63511, -13.93971],
							"rotation": [9, 0, -22.5],
							"uv": {
								"north": {
									"uv": [78, 12],
									"uv_size": [2, 6]
								},
								"east": {
									"uv": [78, 19],
									"uv_size": [2, 6]
								},
								"south": {
									"uv": [24, 78],
									"uv_size": [2, 6]
								},
								"west": {
									"uv": [27, 78],
									"uv_size": [2, 6]
								},
								"up": {
									"uv": [74, 86],
									"uv_size": [2, 2]
								},
								"down": {
									"uv": [86, 76],
									"uv_size": [2, -2]
								}
							}
						},
						{
							"origin": [-7.78002, 0.83941, -13.825],
							"size": [2, 6, 29.825],
							"pivot": [-6.78002, 0.83941, -13],
							"rotation": [0, 0, -22.5],
							"uv": {
								"north": {
									"uv": [78, 39],
									"uv_size": [2, 6]
								},
								"east": {
									"uv": [34, 14],
									"uv_size": [30, 6]
								},
								"south": {
									"uv": [78, 46],
									"uv_size": [2, 6]
								},
								"west": {
									"uv": [34, 21],
									"uv_size": [30, 6]
								},
								"up": {
									"uv": [50, 59],
									"uv_size": [2, 30]
								},
								"down": {
									"uv": [53, 89],
									"uv_size": [2, -30]
								}
							}
						},
						{
							"origin": [-7, 1, -0.5],
							"size": [14, 2, 3],
							"uv": {
								"north": {
									"uv": [17, 60],
									"uv_size": [14, 2]
								},
								"east": {
									"uv": [5, 82],
									"uv_size": [3, 2]
								},
								"south": {
									"uv": [17, 63],
									"uv_size": [14, 2]
								},
								"west": {
									"uv": [82, 34],
									"uv_size": [3, 2]
								},
								"up": {
									"uv": [58, 34],
									"uv_size": [14, 3]
								},
								"down": {
									"uv": [58, 41],
									"uv_size": [14, -3]
								}
							}
						},
						{
							"origin": [-8, 5, -23],
							"size": [16, 2, 12],
							"uv": {
								"north": {
									"uv": [58, 48],
									"uv_size": [16, 2]
								},
								"east": {
									"uv": [65, 24],
									"uv_size": [12, 2]
								},
								"south": {
									"uv": [58, 51],
									"uv_size": [16, 2]
								},
								"west": {
									"uv": [0, 66],
									"uv_size": [12, 2]
								},
								"up": {
									"uv": [0, 31],
									"uv_size": [16, 12]
								},
								"down": {
									"uv": [17, 43],
									"uv_size": [16, -12]
								}
							}
						},
						{
							"origin": [-7.92834, 6, 16.24016],
							"size": [15.85668, 2, 2],
							"inflate": 0.1,
							"uv": {
								"north": {
									"uv": [56, 59],
									"uv_size": [16, 2]
								},
								"east": {
									"uv": [86, 83],
									"uv_size": [2, 2]
								},
								"south": {
									"uv": [0, 60],
									"uv_size": [16, 2]
								},
								"west": {
									"uv": [86, 86],
									"uv_size": [2, 2]
								},
								"up": {
									"uv": [56, 62],
									"uv_size": [16, 2]
								},
								"down": {
									"uv": [0, 65],
									"uv_size": [16, -2]
								}
							}
						},
						{
							"origin": [-8, 2, 14.16183],
							"size": [16, 6, 2],
							"pivot": [-9, 2, 13.98683],
							"rotation": [-22.5, 0, 0],
							"uv": {
								"north": {
									"uv": [0, 44],
									"uv_size": [16, 6]
								},
								"east": {
									"uv": [56, 78],
									"uv_size": [2, 6]
								},
								"south": {
									"uv": [17, 44],
									"uv_size": [16, 6]
								},
								"west": {
									"uv": [59, 78],
									"uv_size": [2, 6]
								},
								"up": {
									"uv": [65, 0],
									"uv_size": [16, 2]
								},
								"down": {
									"uv": [65, 5],
									"uv_size": [16, -2]
								}
							}
						},
						{
							"origin": [5.04975, 6, 10.90644],
							"size": [2.80992, 2, 1.89866],
							"inflate": 0.105,
							"pivot": [13.04975, 7, 11.90644],
							"rotation": [0, 45, 0],
							"uv": {
								"north": {
									"uv": [82, 53],
									"uv_size": [3, 2]
								},
								"east": {
									"uv": [87, 9],
									"uv_size": [2, 2]
								},
								"south": {
									"uv": [17, 83],
									"uv_size": [3, 2]
								},
								"west": {
									"uv": [12, 87],
									"uv_size": [2, 2]
								},
								"up": {
									"uv": [83, 18],
									"uv_size": [3, 2]
								},
								"down": {
									"uv": [83, 23],
									"uv_size": [3, -2]
								}
							}
						},
						{
							"origin": [-7.85967, 6, 10.90644],
							"size": [2.80992, 2, 1.89866],
							"inflate": 0.105,
							"pivot": [-13.04975, 7, 11.90644],
							"rotation": [0, -45, 0],
							"uv": {
								"north": {
									"uv": [83, 24],
									"uv_size": [3, 2]
								},
								"east": {
									"uv": [87, 12],
									"uv_size": [2, 2]
								},
								"south": {
									"uv": [83, 39],
									"uv_size": [3, 2]
								},
								"west": {
									"uv": [87, 18],
									"uv_size": [2, 2]
								},
								"up": {
									"uv": [83, 42],
									"uv_size": [3, 2]
								},
								"down": {
									"uv": [83, 47],
									"uv_size": [3, -2]
								}
							}
						},
						{
							"origin": [8.45668, 10, 10.28683],
							"size": [1.2, 2, 5.825],
							"uv": {
								"north": {
									"uv": [73, 39],
									"uv_size": [1, 2]
								},
								"east": {
									"uv": [38, 52],
									"uv_size": [6, 2]
								},
								"south": {
									"uv": [2, 89],
									"uv_size": [1, 2]
								},
								"west": {
									"uv": [73, 59],
									"uv_size": [6, 2]
								},
								"up": {
									"uv": [21, 83],
									"uv_size": [1, 6]
								},
								"down": {
									"uv": [83, 65],
									"uv_size": [1, -6]
								}
							}
						},
						{
							"origin": [8.45668, 7.52634, 4.31488],
							"size": [1.2, 2, 7.825],
							"inflate": 0.005,
							"pivot": [8.55668, 8.52634, 8.22738],
							"rotation": [45, 0, 0],
							"uv": {
								"north": {
									"uv": [89, 3],
									"uv_size": [1, 2]
								},
								"east": {
									"uv": [70, 54],
									"uv_size": [8, 2]
								},
								"south": {
									"uv": [89, 6],
									"uv_size": [1, 2]
								},
								"west": {
									"uv": [68, 71],
									"uv_size": [8, 2]
								},
								"up": {
									"uv": [30, 78],
									"uv_size": [1, 8]
								},
								"down": {
									"uv": [15, 89],
									"uv_size": [1, -8]
								}
							}
						},
						{
							"origin": [8.55668, 8, 11.28683],
							"size": [1, 2, 1],
							"uv": {
								"north": {
									"uv": [9, 89],
									"uv_size": [1, 2]
								},
								"east": {
									"uv": [17, 89],
									"uv_size": [1, 2]
								},
								"south": {
									"uv": [19, 89],
									"uv_size": [1, 2]
								},
								"west": {
									"uv": [89, 21],
									"uv_size": [1, 2]
								},
								"up": {
									"uv": [84, 51],
									"uv_size": [1, 1]
								},
								"down": {
									"uv": [91, 76],
									"uv_size": [1, -1]
								}
							}
						},
						{
							"origin": [8.55668, 8, 14.28683],
							"size": [1, 2, 1],
							"uv": {
								"north": {
									"uv": [89, 28],
									"uv_size": [1, 2]
								},
								"east": {
									"uv": [89, 31],
									"uv_size": [1, 2]
								},
								"south": {
									"uv": [89, 34],
									"uv_size": [1, 2]
								},
								"west": {
									"uv": [89, 39],
									"uv_size": [1, 2]
								},
								"up": {
									"uv": [8, 92],
									"uv_size": [1, 1]
								},
								"down": {
									"uv": [92, 11],
									"uv_size": [1, -1]
								}
							}
						},
						{
							"origin": [-9.65668, 10, 10.28683],
							"size": [1.2, 2, 5.825],
							"uv": {
								"north": {
									"uv": [89, 50],
									"uv_size": [1, 2]
								},
								"east": {
									"uv": [73, 62],
									"uv_size": [6, 2]
								},
								"south": {
									"uv": [89, 53],
									"uv_size": [1, 2]
								},
								"west": {
									"uv": [77, 78],
									"uv_size": [6, 2]
								},
								"up": {
									"uv": [83, 66],
									"uv_size": [1, 6]
								},
								"down": {
									"uv": [84, 10],
									"uv_size": [1, -6]
								}
							}
						},
						{
							"origin": [-9.65668, 7.52634, 4.31488],
							"size": [1.2, 2, 7.825],
							"inflate": 0.005,
							"pivot": [-8.55668, 8.52634, 8.22738],
							"rotation": [45, 0, 0],
							"uv": {
								"north": {
									"uv": [67, 89],
									"uv_size": [1, 2]
								},
								"east": {
									"uv": [0, 72],
									"uv_size": [8, 2]
								},
								"south": {
									"uv": [69, 89],
									"uv_size": [1, 2]
								},
								"west": {
									"uv": [73, 34],
									"uv_size": [8, 2]
								},
								"up": {
									"uv": [81, 18],
									"uv_size": [1, 8]
								},
								"down": {
									"uv": [81, 47],
									"uv_size": [1, -8]
								}
							}
						},
						{
							"origin": [-9.55668, 8, 11.28683],
							"size": [1, 2, 1],
							"uv": {
								"north": {
									"uv": [71, 89],
									"uv_size": [1, 2]
								},
								"east": {
									"uv": [89, 71],
									"uv_size": [1, 2]
								},
								"south": {
									"uv": [73, 89],
									"uv_size": [1, 2]
								},
								"west": {
									"uv": [89, 74],
									"uv_size": [1, 2]
								},
								"up": {
									"uv": [92, 12],
									"uv_size": [1, 1]
								},
								"down": {
									"uv": [17, 93],
									"uv_size": [1, -1]
								}
							}
						},
						{
							"origin": [-9.55668, 8, 14.28683],
							"size": [1, 2, 1],
							"uv": {
								"north": {
									"uv": [75, 89],
									"uv_size": [1, 2]
								},
								"east": {
									"uv": [83, 89],
									"uv_size": [1, 2]
								},
								"south": {
									"uv": [89, 83],
									"uv_size": [1, 2]
								},
								"west": {
									"uv": [85, 89],
									"uv_size": [1, 2]
								},
								"up": {
									"uv": [19, 92],
									"uv_size": [1, 1]
								},
								"down": {
									"uv": [92, 24],
									"uv_size": [1, -1]
								}
							}
						},
						{
							"origin": [7.55371, 4.06031, 15.44284],
							"size": [1.30993, 3, 1.89865],
							"inflate": 0.005,
							"pivot": [8.10868, 6.06031, 16.29216],
							"rotation": [-16.5, 45, 0],
							"uv": {
								"north": {
									"uv": [63, 88],
									"uv_size": [1, 3]
								},
								"east": {
									"uv": [83, 73],
									"uv_size": [2, 3]
								},
								"south": {
									"uv": [65, 88],
									"uv_size": [1, 3]
								},
								"west": {
									"uv": [84, 11],
									"uv_size": [2, 3]
								},
								"up": {
									"uv": [89, 86],
									"uv_size": [1, 2]
								},
								"down": {
									"uv": [87, 91],
									"uv_size": [1, -2]
								}
							}
						},
						{
							"origin": [8.56349, 2.58232, 15.08418],
							"size": [0.80992, 4.6, 1.89865],
							"pivot": [8.51845, 6.18232, 15.93351],
							"rotation": [-0.92726, 47.30647, 21.46775],
							"uv": {
								"north": {
									"uv": [84, 83],
									"uv_size": [1, 5]
								},
								"east": {
									"uv": [80, 66],
									"uv_size": [2, 5]
								},
								"south": {
									"uv": [5, 85],
									"uv_size": [1, 5]
								},
								"west": {
									"uv": [80, 72],
									"uv_size": [2, 5]
								},
								"up": {
									"uv": [89, 89],
									"uv_size": [1, 2]
								},
								"down": {
									"uv": [90, 11],
									"uv_size": [1, -2]
								}
							}
						},
						{
							"origin": [6.76349, 2.78232, 15.08418],
							"size": [0.80992, 4.3, 1.89865],
							"pivot": [8.51845, 6.18232, 15.93351],
							"rotation": [-29.42979, 38.88213, -19.21799],
							"uv": {
								"north": {
									"uv": [28, 85],
									"uv_size": [1, 4]
								},
								"east": {
									"uv": [81, 48],
									"uv_size": [2, 4]
								},
								"south": {
									"uv": [87, 21],
									"uv_size": [1, 4]
								},
								"west": {
									"uv": [68, 81],
									"uv_size": [2, 4]
								},
								"up": {
									"uv": [11, 90],
									"uv_size": [1, 2]
								},
								"down": {
									"uv": [90, 14],
									"uv_size": [1, -2]
								}
							}
						},
						{
							"origin": [7.97871, 2.01031, 15.44284],
							"size": [0.50993, 0.55, 1.89865],
							"inflate": 0.005,
							"pivot": [8.10868, 6.06031, 16.29216],
							"rotation": [-16.5, 45, 0],
							"uv": {
								"north": {
									"uv": [30, 92],
									"uv_size": [1, 1]
								},
								"east": {
									"uv": [89, 24],
									"uv_size": [2, 1]
								},
								"south": {
									"uv": [92, 42],
									"uv_size": [1, 1]
								},
								"west": {
									"uv": [89, 42],
									"uv_size": [2, 1]
								},
								"up": {
									"uv": [13, 90],
									"uv_size": [1, 2]
								},
								"down": {
									"uv": [15, 92],
									"uv_size": [1, -2]
								}
							}
						},
						{
							"origin": [8.17871, 1.46031, 15.44284],
							"size": [0.10993, 0.55, 1.89865],
							"inflate": 0.005,
							"pivot": [8.10868, 6.06031, 16.29216],
							"rotation": [-16.5, 45, 0],
							"uv": {
								"north": {
									"uv": [44, 92],
									"uv_size": [1, 1]
								},
								"east": {
									"uv": [90, 18],
									"uv_size": [2, 1]
								},
								"south": {
									"uv": [92, 44],
									"uv_size": [1, 1]
								},
								"west": {
									"uv": [90, 26],
									"uv_size": [2, 1]
								},
								"up": {
									"uv": [21, 90],
									"uv_size": [1, 2]
								},
								"down": {
									"uv": [28, 92],
									"uv_size": [1, -2]
								}
							}
						},
						{
							"origin": [9.06349, 1.73232, 15.08418],
							"size": [0.30992, 0.95, 1.89865],
							"pivot": [8.51845, 6.18232, 15.93351],
							"rotation": [-0.92726, 47.30647, 21.46775],
							"uv": {
								"north": {
									"uv": [49, 92],
									"uv_size": [1, 1]
								},
								"east": {
									"uv": [90, 37],
									"uv_size": [2, 1]
								},
								"south": {
									"uv": [51, 92],
									"uv_size": [1, 1]
								},
								"west": {
									"uv": [44, 90],
									"uv_size": [2, 1]
								},
								"up": {
									"uv": [90, 44],
									"uv_size": [1, 2]
								},
								"down": {
									"uv": [47, 92],
									"uv_size": [1, -2]
								}
							}
						},
						{
							"origin": [-9.37341, 1.73232, 15.08418],
							"size": [0.30992, 0.95, 1.89865],
							"pivot": [-8.51845, 6.18232, 15.93351],
							"rotation": [-0.92726, -47.30647, -21.46775],
							"uv": {
								"north": {
									"uv": [53, 92],
									"uv_size": [1, 1]
								},
								"east": {
									"uv": [49, 90],
									"uv_size": [2, 1]
								},
								"south": {
									"uv": [92, 56],
									"uv_size": [1, 1]
								},
								"west": {
									"uv": [52, 90],
									"uv_size": [2, 1]
								},
								"up": {
									"uv": [90, 56],
									"uv_size": [1, 2]
								},
								"down": {
									"uv": [90, 61],
									"uv_size": [1, -2]
								}
							}
						},
						{
							"origin": [-8.28864, 1.46031, 15.44284],
							"size": [0.10993, 0.55, 1.89865],
							"inflate": 0.005,
							"pivot": [-8.10868, 6.06031, 16.29216],
							"rotation": [-16.5, -45, 0],
							"uv": {
								"north": {
									"uv": [92, 58],
									"uv_size": [1, 1]
								},
								"east": {
									"uv": [90, 62],
									"uv_size": [2, 1]
								},
								"south": {
									"uv": [59, 92],
									"uv_size": [1, 1]
								},
								"west": {
									"uv": [90, 64],
									"uv_size": [2, 1]
								},
								"up": {
									"uv": [90, 66],
									"uv_size": [1, 2]
								},
								"down": {
									"uv": [90, 79],
									"uv_size": [1, -2]
								}
							}
						},
						{
							"origin": [-8.48864, 2.01031, 15.44284],
							"size": [0.50993, 0.55, 1.89865],
							"inflate": 0.005,
							"pivot": [-8.10868, 6.06031, 16.29216],
							"rotation": [-16.5, -45, 0],
							"uv": {
								"north": {
									"uv": [92, 60],
									"uv_size": [1, 1]
								},
								"east": {
									"uv": [91, 0],
									"uv_size": [2, 1]
								},
								"south": {
									"uv": [61, 92],
									"uv_size": [1, 1]
								},
								"west": {
									"uv": [91, 2],
									"uv_size": [2, 1]
								},
								"up": {
									"uv": [4, 91],
									"uv_size": [1, 2]
								},
								"down": {
									"uv": [91, 6],
									"uv_size": [1, -2]
								}
							}
						},
						{
							"origin": [-9.37341, 2.58232, 15.08418],
							"size": [0.80992, 4.6, 1.89865],
							"pivot": [-8.51845, 6.18232, 15.93351],
							"rotation": [-0.92726, -47.30647, -21.46775],
							"uv": {
								"north": {
									"uv": [7, 85],
									"uv_size": [1, 5]
								},
								"east": {
									"uv": [12, 81],
									"uv_size": [2, 5]
								},
								"south": {
									"uv": [23, 85],
									"uv_size": [1, 5]
								},
								"west": {
									"uv": [81, 12],
									"uv_size": [2, 5]
								},
								"up": {
									"uv": [6, 91],
									"uv_size": [1, 2]
								},
								"down": {
									"uv": [91, 17],
									"uv_size": [1, -2]
								}
							}
						},
						{
							"origin": [-7.57341, 2.78232, 15.08418],
							"size": [0.80992, 4.3, 1.89865],
							"pivot": [-8.51845, 6.18232, 15.93351],
							"rotation": [-29.42979, -38.88213, 19.21799],
							"uv": {
								"north": {
									"uv": [30, 87],
									"uv_size": [1, 4]
								},
								"east": {
									"uv": [71, 81],
									"uv_size": [2, 4]
								},
								"south": {
									"uv": [87, 39],
									"uv_size": [1, 4]
								},
								"west": {
									"uv": [74, 81],
									"uv_size": [2, 4]
								},
								"up": {
									"uv": [91, 20],
									"uv_size": [1, 2]
								},
								"down": {
									"uv": [23, 93],
									"uv_size": [1, -2]
								}
							}
						},
						{
							"origin": [-8.86364, 4.06031, 15.44284],
							"size": [1.30993, 3, 1.89865],
							"inflate": 0.005,
							"pivot": [-8.10868, 6.06031, 16.29216],
							"rotation": [-16.5, -45, 0],
							"uv": {
								"north": {
									"uv": [88, 65],
									"uv_size": [1, 3]
								},
								"east": {
									"uv": [32, 84],
									"uv_size": [2, 3]
								},
								"south": {
									"uv": [77, 88],
									"uv_size": [1, 3]
								},
								"west": {
									"uv": [35, 84],
									"uv_size": [2, 3]
								},
								"up": {
									"uv": [25, 91],
									"uv_size": [1, 2]
								},
								"down": {
									"uv": [91, 30],
									"uv_size": [1, -2]
								}
							}
						},
						{
							"origin": [6.57296, 10, 14.83451],
							"size": [1.2, 2, 2.575],
							"pivot": [7.17296, 11, 17.74701],
							"rotation": [0, -45, 0],
							"uv": {
								"north": {
									"uv": [91, 31],
									"uv_size": [1, 2]
								},
								"east": {
									"uv": [84, 15],
									"uv_size": [3, 2]
								},
								"south": {
									"uv": [32, 91],
									"uv_size": [1, 2]
								},
								"west": {
									"uv": [84, 48],
									"uv_size": [3, 2]
								},
								"up": {
									"uv": [88, 77],
									"uv_size": [1, 3]
								},
								"down": {
									"uv": [79, 91],
									"uv_size": [1, -3]
								}
							}
						},
						{
							"origin": [-7.83588, 10, 16.73263],
							"size": [15.67176, 2, 1.2],
							"uv": {
								"north": {
									"uv": [65, 6],
									"uv_size": [16, 2]
								},
								"east": {
									"uv": [34, 91],
									"uv_size": [1, 2]
								},
								"south": {
									"uv": [65, 9],
									"uv_size": [16, 2]
								},
								"west": {
									"uv": [91, 34],
									"uv_size": [1, 2]
								},
								"up": {
									"uv": [70, 57],
									"uv_size": [16, 1]
								},
								"down": {
									"uv": [73, 38],
									"uv_size": [16, -1]
								}
							}
						},
						{
							"origin": [-7.77296, 10, 14.83451],
							"size": [1.2, 2, 2.575],
							"pivot": [-7.17296, 11, 17.74701],
							"rotation": [0, 45, 0],
							"uv": {
								"north": {
									"uv": [36, 91],
									"uv_size": [1, 2]
								},
								"east": {
									"uv": [84, 77],
									"uv_size": [3, 2]
								},
								"south": {
									"uv": [38, 91],
									"uv_size": [1, 2]
								},
								"west": {
									"uv": [84, 80],
									"uv_size": [3, 2]
								},
								"up": {
									"uv": [81, 88],
									"uv_size": [1, 3]
								},
								"down": {
									"uv": [0, 92],
									"uv_size": [1, -3]
								}
							}
						},
						{
							"origin": [-7.55668, 8, 16.78683],
							"size": [1, 2, 1],
							"uv": {
								"north": {
									"uv": [91, 39],
									"uv_size": [1, 2]
								},
								"east": {
									"uv": [40, 91],
									"uv_size": [1, 2]
								},
								"south": {
									"uv": [42, 91],
									"uv_size": [1, 2]
								},
								"west": {
									"uv": [91, 47],
									"uv_size": [1, 2]
								},
								"up": {
									"uv": [63, 92],
									"uv_size": [1, 1]
								},
								"down": {
									"uv": [65, 93],
									"uv_size": [1, -1]
								}
							}
						},
						{
							"origin": [-4.55668, 8, 16.78683],
							"size": [1, 2, 1],
							"uv": {
								"north": {
									"uv": [91, 50],
									"uv_size": [1, 2]
								},
								"east": {
									"uv": [91, 53],
									"uv_size": [1, 2]
								},
								"south": {
									"uv": [55, 91],
									"uv_size": [1, 2]
								},
								"west": {
									"uv": [57, 91],
									"uv_size": [1, 2]
								},
								"up": {
									"uv": [92, 66],
									"uv_size": [1, 1]
								},
								"down": {
									"uv": [67, 93],
									"uv_size": [1, -1]
								}
							}
						},
						{
							"origin": [3.55668, 8, 16.78683],
							"size": [1, 2, 1],
							"uv": {
								"north": {
									"uv": [91, 69],
									"uv_size": [1, 2]
								},
								"east": {
									"uv": [91, 72],
									"uv_size": [1, 2]
								},
								"south": {
									"uv": [91, 80],
									"uv_size": [1, 2]
								},
								"west": {
									"uv": [91, 83],
									"uv_size": [1, 2]
								},
								"up": {
									"uv": [69, 92],
									"uv_size": [1, 1]
								},
								"down": {
									"uv": [71, 93],
									"uv_size": [1, -1]
								}
							}
						},
						{
							"origin": [6.55668, 8, 16.78683],
							"size": [1, 2, 1],
							"uv": {
								"north": {
									"uv": [91, 86],
									"uv_size": [1, 2]
								},
								"east": {
									"uv": [91, 89],
									"uv_size": [1, 2]
								},
								"south": {
									"uv": [2, 92],
									"uv_size": [1, 2]
								},
								"west": {
									"uv": [92, 7],
									"uv_size": [1, 2]
								},
								"up": {
									"uv": [73, 92],
									"uv_size": [1, 1]
								},
								"down": {
									"uv": [75, 93],
									"uv_size": [1, -1]
								}
							}
						},
						{
							"origin": [-1, 0, -23],
							"size": [2, 2, 2],
							"uv": {
								"north": {
									"uv": [87, 44],
									"uv_size": [2, 2]
								},
								"east": {
									"uv": [88, 0],
									"uv_size": [2, 2]
								},
								"south": {
									"uv": [88, 15],
									"uv_size": [2, 2]
								},
								"west": {
									"uv": [25, 88],
									"uv_size": [2, 2]
								},
								"up": {
									"uv": [32, 88],
									"uv_size": [2, 2]
								},
								"down": {
									"uv": [35, 90],
									"uv_size": [2, -2]
								}
							}
						},
						{
							"origin": [-1, 1.76956, -22.15851],
							"size": [2, 6, 2],
							"pivot": [0, -0.23044, -21.15851],
							"rotation": [27.5, 0, 0],
							"uv": {
								"north": {
									"uv": [62, 78],
									"uv_size": [2, 6]
								},
								"east": {
									"uv": [65, 78],
									"uv_size": [2, 6]
								},
								"south": {
									"uv": [9, 79],
									"uv_size": [2, 6]
								},
								"west": {
									"uv": [80, 59],
									"uv_size": [2, 6]
								},
								"up": {
									"uv": [88, 47],
									"uv_size": [2, 2]
								},
								"down": {
									"uv": [56, 90],
									"uv_size": [2, -2]
								}
							}
						},
						{
							"origin": [-7, 1, 11.5],
							"size": [14, 2, 3],
							"uv": {
								"north": {
									"uv": [17, 60],
									"uv_size": [14, 2]
								},
								"east": {
									"uv": [5, 82],
									"uv_size": [3, 2]
								},
								"south": {
									"uv": [17, 63],
									"uv_size": [14, 2]
								},
								"west": {
									"uv": [82, 34],
									"uv_size": [3, 2]
								},
								"up": {
									"uv": [58, 34],
									"uv_size": [14, 3]
								},
								"down": {
									"uv": [58, 41],
									"uv_size": [14, -3]
								}
							}
						},
						{
							"origin": [8.55668, 8, -5.21317],
							"size": [1, 3, 1],
							"uv": {
								"north": {
									"uv": [16, 12],
									"uv_size": [1, 3]
								},
								"east": {
									"uv": [16, 15],
									"uv_size": [1, 3]
								},
								"south": {
									"uv": [16, 18],
									"uv_size": [1, 3]
								},
								"west": {
									"uv": [16, 21],
									"uv_size": [1, 3]
								},
								"up": {
									"uv": [6, 30],
									"uv_size": [1, 1]
								},
								"down": {
									"uv": [7, 31],
									"uv_size": [1, -1]
								}
							}
						},
						{
							"origin": [8.55668, 8, -2.21317],
							"size": [1, 3, 1],
							"uv": {
								"north": {
									"uv": [16, 0],
									"uv_size": [1, 3]
								},
								"east": {
									"uv": [16, 3],
									"uv_size": [1, 3]
								},
								"south": {
									"uv": [16, 6],
									"uv_size": [1, 3]
								},
								"west": {
									"uv": [16, 9],
									"uv_size": [1, 3]
								},
								"up": {
									"uv": [16, 28],
									"uv_size": [1, 1]
								},
								"down": {
									"uv": [16, 30],
									"uv_size": [1, -1]
								}
							}
						},
						{
							"origin": [8.55668, 10, -4.21317],
							"size": [1, 1, 2],
							"uv": {
								"north": {
									"uv": [4, 30],
									"uv_size": [1, 1]
								},
								"east": {
									"uv": [0, 30],
									"uv_size": [2, 1]
								},
								"south": {
									"uv": [5, 30],
									"uv_size": [1, 1]
								},
								"west": {
									"uv": [2, 30],
									"uv_size": [2, 1]
								},
								"up": {
									"uv": [16, 24],
									"uv_size": [1, 2]
								},
								"down": {
									"uv": [16, 28],
									"uv_size": [1, -2]
								}
							}
						},
						{
							"origin": [8.05668, 6, -5.21317],
							"size": [2, 2, 4],
							"inflate": 0.2,
							"uv": {
								"north": {
									"uv": [31, 50],
									"uv_size": [2, 2]
								},
								"east": {
									"uv": [37, 54],
									"uv_size": [4, 2]
								},
								"south": {
									"uv": [44, 51],
									"uv_size": [2, 2]
								},
								"west": {
									"uv": [41, 54],
									"uv_size": [4, 2]
								},
								"up": {
									"uv": [30, 65],
									"uv_size": [2, 4]
								},
								"down": {
									"uv": [23, 72],
									"uv_size": [2, -4]
								}
							}
						},
						{
							"origin": [-9.55668, 10, -4.21317],
							"size": [1, 1, 2],
							"uv": {
								"north": {
									"uv": [5, 30],
									"uv_size": [-1, 1]
								},
								"east": {
									"uv": [4, 30],
									"uv_size": [-2, 1]
								},
								"south": {
									"uv": [6, 30],
									"uv_size": [-1, 1]
								},
								"west": {
									"uv": [2, 30],
									"uv_size": [-2, 1]
								},
								"up": {
									"uv": [17, 24],
									"uv_size": [-1, 2]
								},
								"down": {
									"uv": [17, 28],
									"uv_size": [-1, -2]
								}
							}
						},
						{
							"origin": [-9.55668, 8, -2.21317],
							"size": [1, 3, 1],
							"uv": {
								"north": {
									"uv": [17, 0],
									"uv_size": [-1, 3]
								},
								"east": {
									"uv": [17, 9],
									"uv_size": [-1, 3]
								},
								"south": {
									"uv": [17, 6],
									"uv_size": [-1, 3]
								},
								"west": {
									"uv": [17, 3],
									"uv_size": [-1, 3]
								},
								"up": {
									"uv": [17, 28],
									"uv_size": [-1, 1]
								},
								"down": {
									"uv": [17, 30],
									"uv_size": [-1, -1]
								}
							}
						},
						{
							"origin": [-9.55668, 8, -5.21317],
							"size": [1, 3, 1],
							"uv": {
								"north": {
									"uv": [17, 12],
									"uv_size": [-1, 3]
								},
								"east": {
									"uv": [17, 21],
									"uv_size": [-1, 3]
								},
								"south": {
									"uv": [17, 18],
									"uv_size": [-1, 3]
								},
								"west": {
									"uv": [17, 15],
									"uv_size": [-1, 3]
								},
								"up": {
									"uv": [7, 30],
									"uv_size": [-1, 1]
								},
								"down": {
									"uv": [8, 31],
									"uv_size": [-1, -1]
								}
							}
						},
						{
							"origin": [-10.05668, 6, -5.21317],
							"size": [2, 2, 4],
							"inflate": 0.2,
							"uv": {
								"north": {
									"uv": [33, 50],
									"uv_size": [-2, 2]
								},
								"east": {
									"uv": [45, 54],
									"uv_size": [-4, 2]
								},
								"south": {
									"uv": [46, 51],
									"uv_size": [-2, 2]
								},
								"west": {
									"uv": [41, 54],
									"uv_size": [-4, 2]
								},
								"up": {
									"uv": [32, 65],
									"uv_size": [-2, 4]
								},
								"down": {
									"uv": [25, 72],
									"uv_size": [-2, -4]
								}
							}
						}
					]
				},
				{
					"name": "RightShovel",
					"parent": "Boat",
					"pivot": [-9.20711, 9.42862, -3.5],
					"rotation": [0, 0, 45],
					"cubes": [
						{
							"origin": [-9.70711, -0.70711, -4],
							"size": [1, 16, 1],
							"inflate": 0.1,
							"uv": {
								"north": {
									"uv": [17, 30],
									"uv_size": [-1, 16]
								},
								"east": {
									"uv": [34, 32],
									"uv_size": [-1, 16]
								},
								"south": {
									"uv": [34, 16],
									"uv_size": [-1, 16]
								},
								"west": {
									"uv": [34, 0],
									"uv_size": [-1, 16]
								},
								"up": {
									"uv": [20, 30],
									"uv_size": [-1, 1]
								},
								"down": {
									"uv": [21, 31],
									"uv_size": [-1, -1]
								}
							}
						},
						{
							"origin": [-9.70711, -5.70711, -5],
							"size": [1, 7, 3],
							"uv": {
								"north": {
									"uv": [46, 27],
									"uv_size": [-1, 7]
								},
								"east": {
									"uv": [82, 91],
									"uv_size": [-3, 7]
								},
								"south": {
									"uv": [46, 34],
									"uv_size": [-1, 7]
								},
								"west": {
									"uv": [79, 91],
									"uv_size": [-3, 7]
								},
								"up": {
									"uv": [46, 41],
									"uv_size": [-1, 3]
								},
								"down": {
									"uv": [46, 47],
									"uv_size": [-1, -3]
								}
							}
						},
						{
							"origin": [-9.95711, 16.04289, -5],
							"size": [1.5, 1, 3],
							"uv": {
								"north": {
									"uv": [16, 30],
									"uv_size": [-2, 1]
								},
								"east": {
									"uv": [14, 30],
									"uv_size": [-3, 1]
								},
								"south": {
									"uv": [19, 30],
									"uv_size": [-2, 1]
								},
								"west": {
									"uv": [11, 30],
									"uv_size": [-3, 1]
								},
								"up": {
									"uv": [32, 69],
									"uv_size": [-2, 3]
								},
								"down": {
									"uv": [25, 75],
									"uv_size": [-2, -3]
								}
							}
						},
						{
							"origin": [-9.95711, 15.29289, -4],
							"size": [1.5, 2, 2],
							"inflate": 0.005,
							"pivot": [-9.20711, 16.79289, -3.5],
							"rotation": [-45, 0, 0],
							"uv": {
								"north": {
									"uv": [66, 26],
									"uv_size": [-2, 2]
								},
								"east": {
									"uv": [72, 26],
									"uv_size": [-2, 2]
								},
								"south": {
									"uv": [70, 26],
									"uv_size": [-2, 2]
								},
								"west": {
									"uv": [68, 26],
									"uv_size": [-2, 2]
								},
								"up": {
									"uv": [74, 26],
									"uv_size": [-2, 2]
								},
								"down": {
									"uv": [32, 74],
									"uv_size": [-2, -2]
								}
							}
						}
					]
				},
				{
					"name": "LeftShovel",
					"parent": "Boat",
					"pivot": [9.20711, 9.42862, -3.5],
					"rotation": [0, 0, -45],
					"cubes": [
						{
							"origin": [8.70711, -0.70711, -4],
							"size": [1, 16, 1],
							"inflate": 0.1,
							"uv": {
								"north": {
									"uv": [16, 30],
									"uv_size": [1, 16]
								},
								"east": {
									"uv": [33, 0],
									"uv_size": [1, 16]
								},
								"south": {
									"uv": [33, 16],
									"uv_size": [1, 16]
								},
								"west": {
									"uv": [33, 32],
									"uv_size": [1, 16]
								},
								"up": {
									"uv": [19, 30],
									"uv_size": [1, 1]
								},
								"down": {
									"uv": [20, 31],
									"uv_size": [1, -1]
								}
							}
						},
						{
							"origin": [8.70711, -5.70711, -5],
							"size": [1, 7, 3],
							"uv": {
								"north": {
									"uv": [45, 27],
									"uv_size": [1, 7]
								},
								"east": {
									"uv": [76, 91],
									"uv_size": [3, 7]
								},
								"south": {
									"uv": [45, 34],
									"uv_size": [1, 7]
								},
								"west": {
									"uv": [79, 91],
									"uv_size": [3, 7]
								},
								"up": {
									"uv": [45, 41],
									"uv_size": [1, 3]
								},
								"down": {
									"uv": [45, 47],
									"uv_size": [1, -3]
								}
							}
						},
						{
							"origin": [8.45711, 16.04289, -5],
							"size": [1.5, 1, 3],
							"uv": {
								"north": {
									"uv": [14, 30],
									"uv_size": [2, 1]
								},
								"east": {
									"uv": [8, 30],
									"uv_size": [3, 1]
								},
								"south": {
									"uv": [17, 30],
									"uv_size": [2, 1]
								},
								"west": {
									"uv": [11, 30],
									"uv_size": [3, 1]
								},
								"up": {
									"uv": [30, 69],
									"uv_size": [2, 3]
								},
								"down": {
									"uv": [23, 75],
									"uv_size": [2, -3]
								}
							}
						},
						{
							"origin": [8.45711, 15.29289, -4],
							"size": [1.5, 2, 2],
							"inflate": 0.005,
							"pivot": [9.20711, 16.79289, -3.5],
							"rotation": [-45, 0, 0],
							"uv": {
								"north": {
									"uv": [64, 26],
									"uv_size": [2, 2]
								},
								"east": {
									"uv": [66, 26],
									"uv_size": [2, 2]
								},
								"south": {
									"uv": [68, 26],
									"uv_size": [2, 2]
								},
								"west": {
									"uv": [70, 26],
									"uv_size": [2, 2]
								},
								"up": {
									"uv": [72, 26],
									"uv_size": [2, 2]
								},
								"down": {
									"uv": [30, 74],
									"uv_size": [2, -2]
								}
							}
						}
					]
				},
				{
					"name": "PassengerLocator2",
					"parent": "Boat",
					"pivot": [0, 1.5, 5.75]
				},
				{
					"name": "PassengerLocator",
					"parent": "Boat",
					"pivot": [0, 1.5, 1.75]
				}
			]
		}
	]
}