{
	"format_version": "1.12.0",
	"minecraft:geometry": [
		{
			"description": {
				"identifier": "geometry.unknown",
				"texture_width": 128,
				"texture_height": 128,
				"visible_bounds_width": 3,
				"visible_bounds_height": 2.5,
				"visible_bounds_offset": [0, 0.75, 0]
			},
			"bones": [
				{
					"name": "minecart",
					"pivot": [5.5, 1.5, 0],
					"rotation": [0, -90, 0],
					"cubes": [
						{
							"origin": [-2.5, 3.25, -4],
							"size": [16, 2, 19],
							"uv": {
								"north": {
									"uv": [44, 23],
									"uv_size": [16, 2]
								},
								"east": {
									"uv": [0, 40],
									"uv_size": [19, 2]
								},
								"south": {
									"uv": [44, 26],
									"uv_size": [16, 2]
								},
								"west": {
									"uv": [20, 40],
									"uv_size": [19, 2]
								},
								"up": {
									"uv": [0, 0],
									"uv_size": [16, 19]
								},
								"down": {
									"uv": [17, 19],
									"uv_size": [16, -19]
								}
							}
						},
						{
							"origin": [7.5, 0.75, -3],
							"size": [2, 3, 17],
							"uv": {
								"north": {
									"uv": [60, 61],
									"uv_size": [2, 3]
								},
								"east": {
									"uv": [34, 16],
									"uv_size": [17, 3]
								},
								"south": {
									"uv": [62, 0],
									"uv_size": [2, 3]
								},
								"west": {
									"uv": [0, 36],
									"uv_size": [17, 3]
								},
								"up": {
									"uv": [40, 40],
									"uv_size": [2, 17]
								},
								"down": {
									"uv": [0, 60],
									"uv_size": [2, -17]
								}
							}
						},
						{
							"origin": [1.5, 0.75, -3],
							"size": [2, 3, 17],
							"uv": {
								"north": {
									"uv": [62, 4],
									"uv_size": [2, 3]
								},
								"east": {
									"uv": [18, 36],
									"uv_size": [17, 3]
								},
								"south": {
									"uv": [62, 43],
									"uv_size": [2, 3]
								},
								"west": {
									"uv": [36, 36],
									"uv_size": [17, 3]
								},
								"up": {
									"uv": [3, 43],
									"uv_size": [2, 17]
								},
								"down": {
									"uv": [6, 60],
									"uv_size": [2, -17]
								}
							}
						},
						{
							"origin": [-1, 5.25433, -1.45051],
							"size": [13, 7, 1],
							"pivot": [6, 6.25433, -0.95051],
							"rotation": [10, 0, 0],
							"uv": {
								"north": {
									"uv": [30, 20],
									"uv_size": [13, 7]
								},
								"east": {
									"uv": [37, 61],
									"uv_size": [1, 7]
								},
								"south": {
									"uv": [30, 28],
									"uv_size": [13, 7]
								},
								"west": {
									"uv": [46, 61],
									"uv_size": [1, 7]
								},
								"up": {
									"uv": [54, 37],
									"uv_size": [13, 1]
								},
								"down": {
									"uv": [59, 9],
									"uv_size": [13, -1]
								}
							}
						},
						{
							"origin": [11, 5.25, -1.5],
							"size": [1, 7, 14],
							"uv": {
								"north": {
									"uv": [52, 61],
									"uv_size": [1, 7]
								},
								"east": {
									"uv": [0, 20],
									"uv_size": [14, 7]
								},
								"south": {
									"uv": [54, 61],
									"uv_size": [1, 7]
								},
								"west": {
									"uv": [15, 20],
									"uv_size": [14, 7]
								},
								"up": {
									"uv": [24, 46],
									"uv_size": [1, 14]
								},
								"down": {
									"uv": [9, 67],
									"uv_size": [1, -14]
								}
							}
						},
						{
							"origin": [10.5, 11.07635, -3.01519],
							"size": [2, 2, 17],
							"uv": {
								"north": {
									"uv": [29, 65],
									"uv_size": [2, 2]
								},
								"east": {
									"uv": [9, 43],
									"uv_size": [17, 2]
								},
								"south": {
									"uv": [65, 31],
									"uv_size": [2, 2]
								},
								"west": {
									"uv": [43, 40],
									"uv_size": [17, 2]
								},
								"up": {
									"uv": [27, 43],
									"uv_size": [2, 17]
								},
								"down": {
									"uv": [30, 60],
									"uv_size": [2, -17]
								}
							}
						},
						{
							"origin": [-1.5, 11.07635, -3.01519],
							"size": [2, 2, 17],
							"uv": {
								"north": {
									"uv": [32, 65],
									"uv_size": [2, 2]
								},
								"east": {
									"uv": [43, 43],
									"uv_size": [17, 2]
								},
								"south": {
									"uv": [65, 34],
									"uv_size": [2, 2]
								},
								"west": {
									"uv": [44, 20],
									"uv_size": [17, 2]
								},
								"up": {
									"uv": [33, 43],
									"uv_size": [2, 17]
								},
								"down": {
									"uv": [36, 60],
									"uv_size": [2, -17]
								}
							}
						},
						{
							"origin": [-1, 5.25, -1.5],
							"size": [1, 7, 14],
							"uv": {
								"north": {
									"uv": [56, 61],
									"uv_size": [1, 7]
								},
								"east": {
									"uv": [0, 28],
									"uv_size": [14, 7]
								},
								"south": {
									"uv": [58, 61],
									"uv_size": [1, 7]
								},
								"west": {
									"uv": [15, 28],
									"uv_size": [14, 7]
								},
								"up": {
									"uv": [58, 46],
									"uv_size": [1, 14]
								},
								"down": {
									"uv": [60, 60],
									"uv_size": [1, -14]
								}
							}
						},
						{
							"origin": [0.5, 11.07635, -3.01519],
							"size": [10, 2, 2],
							"uv": {
								"north": {
									"uv": [44, 29],
									"uv_size": [10, 2]
								},
								"east": {
									"uv": [65, 48],
									"uv_size": [2, 2]
								},
								"south": {
									"uv": [44, 32],
									"uv_size": [10, 2]
								},
								"west": {
									"uv": [65, 51],
									"uv_size": [2, 2]
								},
								"up": {
									"uv": [9, 46],
									"uv_size": [10, 2]
								},
								"down": {
									"uv": [43, 48],
									"uv_size": [10, -2]
								}
							}
						},
						{
							"origin": [-1, 5.25433, 11.45051],
							"size": [13, 7, 1],
							"pivot": [6, 6.25433, 11.95051],
							"rotation": [-10, 0, 0],
							"uv": {
								"north": {
									"uv": [43, 28],
									"uv_size": [-13, 7]
								},
								"east": {
									"uv": [38, 61],
									"uv_size": [-1, 7]
								},
								"south": {
									"uv": [43, 20],
									"uv_size": [-13, 7]
								},
								"west": {
									"uv": [47, 61],
									"uv_size": [-1, 7]
								},
								"up": {
									"uv": [54, 38],
									"uv_size": [13, -1]
								},
								"down": {
									"uv": [59, 8],
									"uv_size": [13, 1]
								}
							}
						},
						{
							"origin": [0.5, 11.07635, 12.01519],
							"size": [10, 2, 2],
							"uv": {
								"north": {
									"uv": [33, 0],
									"uv_size": [10, 2]
								},
								"east": {
									"uv": [33, 8],
									"uv_size": [2, 2]
								},
								"south": {
									"uv": [33, 2],
									"uv_size": [10, 2]
								},
								"west": {
									"uv": [33, 10],
									"uv_size": [2, 2]
								},
								"up": {
									"uv": [33, 4],
									"uv_size": [10, 2]
								},
								"down": {
									"uv": [33, 8],
									"uv_size": [10, -2]
								}
							}
						},
						{
							"origin": [10.5, 4.25433, -1.95051],
							"size": [2, 7, 2],
							"pivot": [6.5, 5.25433, -1.45051],
							"rotation": [10, 0, 0],
							"uv": {
								"north": {
									"uv": [43, 53],
									"uv_size": [2, 7]
								},
								"east": {
									"uv": [46, 53],
									"uv_size": [2, 7]
								},
								"south": {
									"uv": [49, 53],
									"uv_size": [2, 7]
								},
								"west": {
									"uv": [52, 53],
									"uv_size": [2, 7]
								},
								"up": {
									"uv": [62, 20],
									"uv_size": [2, 2]
								},
								"down": {
									"uv": [65, 30],
									"uv_size": [2, -2]
								}
							}
						},
						{
							"origin": [-1.5, 4.25433, -1.95051],
							"size": [2, 7, 2],
							"pivot": [4.5, 5.25433, -1.45051],
							"rotation": [10, 0, 0],
							"uv": {
								"north": {
									"uv": [55, 29],
									"uv_size": [2, 7]
								},
								"east": {
									"uv": [55, 53],
									"uv_size": [2, 7]
								},
								"south": {
									"uv": [58, 29],
									"uv_size": [2, 7]
								},
								"west": {
									"uv": [39, 58],
									"uv_size": [2, 7]
								},
								"up": {
									"uv": [65, 39],
									"uv_size": [2, 2]
								},
								"down": {
									"uv": [42, 67],
									"uv_size": [2, -2]
								}
							}
						},
						{
							"origin": [10.5, 4.25433, 10.95051],
							"size": [2, 7, 2],
							"pivot": [6.5, 5.25433, 12.45051],
							"rotation": [-10, 0, 0],
							"uv": {
								"north": {
									"uv": [51, 53],
									"uv_size": [-2, 7]
								},
								"east": {
									"uv": [48, 53],
									"uv_size": [-2, 7]
								},
								"south": {
									"uv": [45, 53],
									"uv_size": [-2, 7]
								},
								"west": {
									"uv": [54, 53],
									"uv_size": [-2, 7]
								},
								"up": {
									"uv": [62, 22],
									"uv_size": [2, -2]
								},
								"down": {
									"uv": [65, 28],
									"uv_size": [2, 2]
								}
							}
						},
						{
							"origin": [-1.5, 4.25433, 10.95051],
							"size": [2, 7, 2],
							"pivot": [4.5, 5.25433, 12.45051],
							"rotation": [-10, 0, 0],
							"uv": {
								"north": {
									"uv": [60, 29],
									"uv_size": [-2, 7]
								},
								"east": {
									"uv": [57, 53],
									"uv_size": [-2, 7]
								},
								"south": {
									"uv": [57, 29],
									"uv_size": [-2, 7]
								},
								"west": {
									"uv": [41, 58],
									"uv_size": [-2, 7]
								},
								"up": {
									"uv": [65, 41],
									"uv_size": [2, -2]
								},
								"down": {
									"uv": [42, 65],
									"uv_size": [2, 2]
								}
							}
						}
					]
				},
				{
					"name": "WheelsBack",
					"parent": "minecart",
					"pivot": [5.5, 1.5, 11],
					"cubes": [
						{
							"origin": [-1.5, 1, 10.5],
							"size": [14, 1, 1],
							"pivot": [5.5, 1.5, 11],
							"rotation": [-45, 0, 0],
							"uv": {
								"north": {
									"uv": [9, 51],
									"uv_size": [14, 1]
								},
								"east": {
									"uv": [63, 35],
									"uv_size": [1, 1]
								},
								"south": {
									"uv": [43, 51],
									"uv_size": [14, 1]
								},
								"west": {
									"uv": [35, 65],
									"uv_size": [1, 1]
								},
								"up": {
									"uv": [52, 16],
									"uv_size": [14, 1]
								},
								"down": {
									"uv": [52, 19],
									"uv_size": [14, -1]
								}
							}
						},
						{
							"origin": [-1.25, 0, 9.5],
							"size": [2, 3, 3],
							"uv": {
								"north": {
									"uv": [63, 59],
									"uv_size": [2, 3]
								},
								"east": {
									"uv": [61, 31],
									"uv_size": [3, 3]
								},
								"south": {
									"uv": [63, 63],
									"uv_size": [2, 3]
								},
								"west": {
									"uv": [33, 61],
									"uv_size": [3, 3]
								},
								"up": {
									"uv": [65, 0],
									"uv_size": [2, 3]
								},
								"down": {
									"uv": [65, 7],
									"uv_size": [2, -3]
								}
							}
						},
						{
							"origin": [10.25, 0, 9.5],
							"size": [2, 3, 3],
							"uv": {
								"north": {
									"uv": [65, 20],
									"uv_size": [2, 3]
								},
								"east": {
									"uv": [61, 39],
									"uv_size": [3, 3]
								},
								"south": {
									"uv": [23, 65],
									"uv_size": [2, 3]
								},
								"west": {
									"uv": [42, 61],
									"uv_size": [3, 3]
								},
								"up": {
									"uv": [65, 24],
									"uv_size": [2, 3]
								},
								"down": {
									"uv": [26, 68],
									"uv_size": [2, -3]
								}
							}
						}
					]
				},
				{
					"name": "WheelsFront",
					"parent": "minecart",
					"pivot": [5.5, 1.5, 0],
					"cubes": [
						{
							"origin": [-1.5, 1, -0.5],
							"size": [14, 1, 1],
							"pivot": [5.5, 1.5, 0],
							"rotation": [-45, 0, 0],
							"uv": {
								"north": {
									"uv": [48, 12],
									"uv_size": [14, 1]
								},
								"east": {
									"uv": [61, 35],
									"uv_size": [1, 1]
								},
								"south": {
									"uv": [48, 14],
									"uv_size": [14, 1]
								},
								"west": {
									"uv": [23, 63],
									"uv_size": [1, 1]
								},
								"up": {
									"uv": [9, 49],
									"uv_size": [14, 1]
								},
								"down": {
									"uv": [43, 50],
									"uv_size": [14, -1]
								}
							}
						},
						{
							"origin": [10.25, 0, -1.5],
							"size": [2, 3, 3],
							"uv": {
								"north": {
									"uv": [62, 47],
									"uv_size": [2, 3]
								},
								"east": {
									"uv": [61, 23],
									"uv_size": [3, 3]
								},
								"south": {
									"uv": [62, 51],
									"uv_size": [2, 3]
								},
								"west": {
									"uv": [25, 61],
									"uv_size": [3, 3]
								},
								"up": {
									"uv": [62, 55],
									"uv_size": [2, 3]
								},
								"down": {
									"uv": [11, 66],
									"uv_size": [2, -3]
								}
							}
						},
						{
							"origin": [-1.25, 0, -1.5],
							"size": [2, 3, 3],
							"uv": {
								"north": {
									"uv": [63, 12],
									"uv_size": [2, 3]
								},
								"east": {
									"uv": [61, 27],
									"uv_size": [3, 3]
								},
								"south": {
									"uv": [14, 63],
									"uv_size": [2, 3]
								},
								"west": {
									"uv": [29, 61],
									"uv_size": [3, 3]
								},
								"up": {
									"uv": [17, 63],
									"uv_size": [2, 3]
								},
								"down": {
									"uv": [20, 66],
									"uv_size": [2, -3]
								}
							}
						}
					]
				},
				{
					"name": "PassengerLocator",
					"parent": "minecart",
					"pivot": [5.5, 5.25, 5.5]
				}
			]
		}
	]
}