{
	"format_version": "1.8.0",
	"animations": {
		"parallel1": {
			"loop": true,
			"bones": {
				"right11": {
					"scale": "!v.roaming.is_wedding"
				},
				"right22": {
					"scale": "v.roaming.is_wedding"
				},
				"right1": {
					"scale": "!v.roaming.is_wedding"
				},
				"right2": {
					"scale": "v.roaming.is_wedding"
				},
				"left1": {
					"scale": "!v.roaming.is_wedding"
				},
				"left2": {
					"scale": "v.roaming.is_wedding"
				},
				"leftarm1": {
					"scale": "!v.roaming.is_wedding"
				},
				"leftarm2": {
					"scale": "v.roaming.is_wedding"
				}
			}
		}
	}
}