{
	"format_version": "1.16.0",
	"minecraft:geometry": [
		{
			"description": {
				"identifier": "geometry.unknown",
				"texture_width": 256,
				"texture_height": 256,
				"visible_bounds_width": 3,
				"visible_bounds_height": 4.5,
				"visible_bounds_offset": [0, 1.75, 0]
			},
			"bones": [
				{
					"name": "Arm",
					"pivot": [-0.2, 31.275, 0]
				},
				{
					"name": "RightArm",
					"parent": "Arm",
					"pivot": [-3.4, 31.025, 0],
					"rotation": [0, 0, 18]
				},
				{
					"name": "right11",
					"parent": "RightArm",
					"pivot": [0, -3, 0],
					"cubes": [
						{"origin": [-5.65, 25.075, -1.5], "size": [3.05, 7, 3], "uv": [154, 29]},
						{"origin": [-5.7, 24.9, -1.7], "size": [3.25, 7.3, 3.4], "uv": [154, 40]},
						{"origin": [-5.45, 24.175, -1.1], "size": [2.55, 2, 2.2], "uv": [186, 54]},
						{"origin": [-5.5, 24.125, -1.125], "size": [2.7, 2.05, 2.3], "uv": [186, 59]}
					]
				},
				{
					"name": "right22",
					"parent": "RightArm",
					"pivot": [0, -3, 0],
					"cubes": [
						{"origin": [-5.5, 24.125, -1.125], "size": [2.7, 2.05, 2.3], "uv": [210, 44]},
						{"origin": [-5.45, 24.175, -1.1], "size": [2.55, 2, 2.2], "uv": [208, 36]},
						{"origin": [-5.7, 24.9, -1.7], "size": [3.25, 7.3, 3.4], "uv": [124, 143]},
						{"origin": [-5.65, 25.075, -1.5], "size": [3.05, 7, 3], "uv": [216, 103]}
					]
				},
				{
					"name": "RightForeArm",
					"parent": "RightArm",
					"pivot": [-4.125, 25.075, 0.025]
				},
				{
					"name": "right1",
					"parent": "RightForeArm",
					"pivot": [0, -3, 0],
					"cubes": [
						{"origin": [-5.725, 20.375, -1.575], "size": [3.2, 5, 3.2], "uv": [28, 160]},
						{"origin": [-5.625, 18.075, -1.475], "size": [3, 7, 3], "uv": [154, 51]}
					]
				},
				{
					"name": "right2",
					"parent": "RightForeArm",
					"pivot": [0, -3, 0],
					"cubes": [
						{"origin": [-5.625, 18.075, -1.475], "size": [3, 7, 3], "uv": [154, 51]},
						{"origin": [-5.725, 20.375, -1.575], "size": [3.2, 5, 3.2], "uv": [43, 140]},
						{"origin": [-7.4, 20.1, 0], "size": [3.2, 1, 0], "pivot": [-5.8, 20.6, 0], "rotation": [0, -90, 0], "uv": [94, 9]},
						{"origin": [-5.8, 20.1, 1.7], "size": [3.3, 1, -0.101], "uv": [94, 9]},
						{"origin": [-5.7, 20.1, -0.4], "size": [3.2, 1, 0], "pivot": [-3.5, 20.1, 0.6], "rotation": [0, -90, 0], "uv": [94, 9]},
						{"origin": [-5.8, 20.1, -1.6], "size": [3.3, 1, 0], "uv": [94, 9]}
					]
				},
				{
					"name": "RightHand",
					"parent": "RightForeArm",
					"pivot": [-4.125, 19.575, 0.025]
				},
				{
					"name": "RightHandLocator",
					"parent": "RightHand",
					"pivot": [-4.125, 19.575, 0.025]
				},
				{
					"name": "BladeLocator",
					"parent": "RightHand",
					"pivot": [-4.125, 19.575, 0.025]
				},
				{
					"name": "LeftArm",
					"parent": "Arm",
					"pivot": [3.4, 31.025, 0],
					"rotation": [0, 0, -18]
				},
				{
					"name": "left1",
					"parent": "LeftArm",
					"pivot": [0, -3, 0],
					"cubes": [
						{"origin": [2.45, 24.9, -1.7], "size": [3.25, 7.3, 3.4], "uv": [108, 150]},
						{"origin": [2.6, 25.075, -1.5], "size": [3.05, 7, 3], "uv": [154, 7]},
						{"origin": [2.9, 24.175, -1.1], "size": [2.55, 2, 2.2], "uv": [185, 168]},
						{"origin": [2.8, 24.125, -1.125], "size": [2.7, 2.05, 2.3], "uv": [185, 173]}
					]
				},
				{
					"name": "left2",
					"parent": "LeftArm",
					"pivot": [0, -3, 0],
					"cubes": [
						{"origin": [2.8, 24.125, -1.125], "size": [2.7, 2.05, 2.3], "uv": [169, 167]},
						{"origin": [2.9, 24.175, -1.1], "size": [2.55, 2, 2.2], "uv": [185, 168]},
						{"origin": [2.6, 25.075, -1.5], "size": [3.05, 7, 3], "uv": [130, 3]},
						{"origin": [2.45, 24.9, -1.7], "size": [3.25, 7.3, 3.4], "uv": [124, 142]}
					]
				},
				{
					"name": "LeftForeArm",
					"parent": "LeftArm",
					"pivot": [4.125, 25.075, 0.025]
				},
				{
					"name": "leftarm1",
					"parent": "LeftForeArm",
					"pivot": [0, -3, 0],
					"cubes": [
						{"origin": [2.625, 18.075, -1.475], "size": [3, 7, 3], "uv": [154, 18]},
						{"origin": [2.525, 20.375, -1.575], "size": [3.2, 5, 3.2], "uv": [15, 160]}
					]
				},
				{
					"name": "leftarm2",
					"parent": "LeftForeArm",
					"pivot": [0, -3, 0],
					"cubes": [
						{"origin": [2.525, 20.375, -1.575], "size": [3.2, 5, 3.2], "uv": [43, 140]},
						{"origin": [2.625, 18.075, -1.475], "size": [3, 7, 3], "uv": [154, 18]},
						{"origin": [2.5, 20.1, -1.6], "size": [3.3, 1, 0], "uv": [94, 9]},
						{"origin": [2.6, 20.1, -0.4], "size": [3.2, 1, 0], "pivot": [4.8, 20.1, 0.6], "rotation": [0, -90, 0], "uv": [94, 9]},
						{"origin": [2.5, 20.1, 1.7], "size": [3.3, 1, -0.101], "uv": [94, 9]},
						{"origin": [0.9, 20.1, 0], "size": [3.2, 1, 0], "pivot": [2.5, 20.6, 0], "rotation": [0, -90, 0], "uv": [94, 9]}
					]
				},
				{
					"name": "LeftHand",
					"parent": "LeftForeArm",
					"pivot": [4.125, 19.575, 0.025]
				},
				{
					"name": "LeftHandLocator",
					"parent": "LeftHand",
					"pivot": [4.125, 19.575, 0.025]
				},
				{
					"name": "SheathLocator",
					"parent": "LeftHand",
					"pivot": [4.125, 19.575, 0.025]
				},
				{
					"name": "LeftWaistLocator2",
					"parent": "LeftHand",
					"pivot": [4.125, 19.575, 0.025]
				}
			]
		}
	]
}